Workbook

Sheet Raw Data
A1: Roll No | B1: Name | C1: Company | D1: Base (INR) | E1: CTC (INR) | F1: Role / Domain | G1: Day | H1: Location
A2: 24M0741 | B2: Ayyagari Sathya Sai Srikar | C2: KLA | D2: 4200000 | E2: 5400000 | F2: Algorithm Research and Development Engineer | G2: 2.2 | H2: Chennai
A3: 24M0743 | B3: Nishant | C3: Qualcomm | D3: 1950000 | E3: 4216000 | F3: Machine Learning Engineer | G3: 1.1 | H3: Hyderabad/Banglore/Chennai/Noida
A4: 24M0744 | B4: Rohit Agrawal | C4: Qualcomm | D4: 1950000 | E4: 4216000 | F4: Machine Learning Engineer | G4: 1.1 | H4: Hyderabad/Banglore/Chennai/Noida
A5: 24M0745 | B5: Jasbir Singh Kalsi | C5: Visa | D5: 1500000 | E5: 3043080 | F5: SW Engineer | G5: 3.1 | H5: Bangalore
A6: 24M0746 | B6: Soham Patel | C6: Apple | D6: 2200000 | E6: 3992500 | F6: Software Engineer - ASE Team | G6: 1.1 | H6: Hyderabad
A7: 24M0748 | B7: Parth Pratim Chatterjee | C7: Qualcomm | D7: 1950000 | E7: 4216000 | F7: Machine Learning Engineer | G7: 1.1 | H7: Hyderabad/Banglore/Chennai/Noida
A8: 24M0749 | B8: Vaibhav Gera | C8: CDot | D8: 2235110 | E8: 2235110 | F8: Scientist 'B' | G8: 1.2 | H8: Delhi/Bangalore
A9: 24M0750 | B9: Ritesh Manohar Bhadane | C9: Stripe | D9: 2806000 | E9: 6706584 | F9: Software Engineering, New Grad | G9: 2.1 | H9: Bengaluru
A10: 24M0751 | B10: Ankit Kumar Bharti | C10: Pace Stock Broking | D10: 3600000 | E10: 6600000 | F10: Jr. Software Developer | G10: 2.2 | H10: Gurugram
A11: 24M0752 | B11: Ashutosh Birla | C11: Marsh McLennan | D11: 1339464 | E11: 1547700 | F11: Senior Engineer - MMA Tech | G11: 8 | H11: Mumbai
A12: 24M0753 | B12: Samarth Tandale | C12: Easebuzz Private Limited | D12: 1976604 | E12: 2000004 | F12: Backend Engineer | G12: 15 | H12: Pune
A13: 24M0754 | B13: Utkarsh Tiwari | C13: Fujitsu | D13: 2400000 | E13: 2700000 | F13: Senior Software Engineer(M.Tech)-Monaka HPC Lab | G13: 2.2 | H13: Bangalore
... A39: 24M0792 | B39: Amit Pandey | C39: SAP Labs | D39: 1850000 | E39: 3250000 | F39: Associate Developer | G39: 2.2 | H39: Bangalore
A40: 24M0793 | B40: Rajshekar K | C40: Rakuten
A41: 24M0794 | B41: Hirenmay Samanta | C41: Bitgo | D41: 2300000 | E41: 3600000 | F41: Software Engineer | G41: 8 | H41: Bangalore
A42: 24M0796 | B42: Manivannan N | C42: Qualcomm | D42: 1950000 | E42: 4216000 | F42: Multimedia Systems Engineer | G42: 1.1 | H42: Hyderabad/Banglore/Chennai/Noida
A43: 24m0798 | B43: Nishtha Hiteshbhai Vaghela | C43: Earnin | D43: 2500000 | E43: 3600000 | F43: Software Engineer | G43: 3.2 | H43: Bangalore
A44: 24M0801 | B44: Farhan Jawaid | C44: Baya system | D44: 2168100 | E44: 2768100 | F44: Software Engineer | G44: 3.2 | H44: Bangalore
A45: 24m0803 | B45: Harsh Dhananjay More | C45: TIAA Global capabilities | D45: 1800000 | E45: 1886400 | F45: Sr. Analyst / Associate - LRC (Data/Cloud/AI Engineer) | G45: 6 | H45: Pune / Mumbai
A46: 24M0804 | B46: Harsh Kumar | C46: Media.net | D46: 1800000 | E46: 2733050 | F46: Software Developer Engineer | G46: 3.2 | H46: Mumbai and Bangalore
A47: 24M0807 | B47: Vinay Kumar Gupta | C47: Easebuzz Private Limited | D47: 1976604 | E47: 2000004 | F47: Backend Engineer | G47: 15 | H47: Pune
A48: 24M0808 | B48: Abhishek Singh | C48: SAP Labs | D48: 1850000 | E48: 3250000 | F48: Associate Developer | G48: 2.2 | H48: Bangalore
A49: 24m0810 | B49: Vidhi Rajesh Shah | C49: Juspay | D49: 1600000 | E49: 2100000 | F49: Software Development Engineer | G49: 4.1 | H49: Bangalore / Mumbai / Gurgaon
A50: 24M0812 | B50: Arijeet Mondal | C50: Apple | D50: 2200000 | E50: 3992500 | F50: Software Engineer - ASE Team | G50: 1.1 | H50: Hyderabad
A51: 24M0814 | B51: ARITRA BELEL | C51: Apple | D51: 2200000 | E51: 3992500 | F51: Software Engineer - ASE Team | G51: 1.1 | H51: Hyderabad
A52: 24M0815 | B52: Akansha More | C52: TIAA Global capabilities | D52: 1800000 | E52: 1886400 | F52: Associate - AIML | G52: 6 | H52: Pune/Mumbai
... A60: 24M0855 | B60: Ritika Jaiswal | C60: MathWorks | D60: 2306191 | E60: 3000000 | F60: Masters/Dual Degree- Engineer in Engineering Development Group | G60: 2.2 | H60: Bangalore or Hyderabad

Sheet Company Profiles
A1: Company | B1: No. of Students Placed | C1: Day(s) Company Visited | D1: Domains / Roles Offered | E1: Locations Offered | F1: Lowest Base (INR) | G1: Median Base (INR) | H1: Highest Base (INR) | I1: Lowest CTC (INR) | J1: Median CTC (INR) | K1: Highest CTC (INR)
A2: Accenture Operations | B2: =COUNTIF('Raw Data'!$C$2:$C$60,A2) -> 1 | C2: 2.1 | D2: Associate Data scientist | E2: Bengaluru | F2: =IF(COUNTIFS('Raw Data'!$C$2:$C$60,A2,'Raw Data'!$D$2:$D$60,"<>")=0,"N/A",_xlfn.MINIFS('Raw Data'!$D$2:$D$60,'Raw Data'!$C$2:$C$60,A2)) -> 1500000 | G2: {=IF(COUNTIFS('Raw Data'!$C$2:$C$60,A2,'Raw Data'!$D$2:$D$60,"<>")=0,"N/A",MEDIAN(IF('Raw Data'!$C$2:$C$60=A2,'Raw Data'!$D$2:$D$60)))} -> 1500000 | H2: =IF(COUNTIFS('Raw Data'!$C$2:$C$60,A2,'Raw Data'!$D$2:$D$60,"<>")=0,"N/A",_xlfn.MAXIFS('Raw Data'!$D$2:$D$60,'Raw Data'!$C$2:$C$60,A2)) -> 1500000 | I2: =IF(COUNTIFS('Raw Data'!$C$2:$C$60,A2,'Raw Data'!$E$2:$E$60,"<>")=0,"N/A",_xlfn.MINIFS('Raw Data'!$E$2:$E$60,'Raw Data'!$C$2:$C$60,A2)) -> 2255800 | J2: {=IF(COUNTIFS('Raw Data'!$C$2:$C$60,A2,'Raw Data'!$E$2:$E$60,"<>")=0,"N/A",MEDIAN(IF('Raw Data'!$C$2:$C$60=A2,'Raw Data'!$E$2:$E$60)))} -> 2255800 | K2: =IF(COUNTIFS('Raw Data'!$C$2:$C$60,A2,'Raw Data'!$E$2:$E$60,"<>")=0,"N/A",_xlfn.MAXIFS('Raw Data'!$E$2:$E$60,'Raw Data'!$C$2:$C$60,A2)) -> 2255800
A3: Apple | B3: =COUNTIF('Raw Data'!$C$2:$C$60,A3) -> 5 | C3: 1.1 | D3: Software Engineer - ASE Team | E3: Hyderabad | F3: =IF(COUNTIFS('Raw Data'!$C$2:$C$60,A3,'Raw Data'!$D$2:$D$60,"<>")=0,"N/A",_xlfn.MINIFS('Raw Data'!$D$2:$D$60,'Raw Data'!$C$2:$C$60,A3)) -> 2200000 | G3: {=IF(COUNTIFS('Raw Data'!$C$2:$C$60,A3,'Raw Data'!$D$2:$D$60,"<>")=0,"N/A",MEDIAN(IF('Raw Data'!$C$2:$C$60=A3,'Raw Data'!$D$2:$D$60)))} -> 2200000 | H3: =IF(COUNTIFS('Raw Data'!$C$2:$C$60,A3,'Raw Data'!$D$2:$D$60,"<>")=0,"N/A",_xlfn.MAXIFS('Raw Data'!$D$2:$D$60,'Raw Data'!$C$2:$C$60,A3)) -> 2200000 | I3: =IF(COUNTIFS('Raw Data'!$C$2:$C$60,A3,'Raw Data'!$E$2:$E$60,"<>")=0,"N/A",_xlfn.MINIFS('Raw Data'!$E$2:$E$60,'Raw Data'!$C$2:$C$60,A3)) -> 3992500 | J3: {=IF(COUNTIFS('Raw Data'!$C$2:$C$60,A3,'Raw Data'!$E$2:$E$60,"<>")=0,"N/A",MEDIAN(IF('Raw Data'!$C$2:$C$60=A3,'Raw Data'!$E$2:$E$60)))} -> 3992500 | K3: =IF(COUNTIFS('Raw Data'!$C$2:$C$60,A3,'Raw Data'!$E$2:$E$60,"<>")=0,"N/A",_xlfn.MAXIFS('Raw Data'!$E$2:$E$60,'Raw Data'!$C$2:$C$60,A3)) -> 3992500
A4: Bank of America | B4: =COUNTIF('Raw Data'!$C$2:$C$60,A4) -> 4 | C4: 4.2 | D4: Software Engineer | E4: Mumbai, GIFT CITY, Hyderabad, Chennai, Gurugram | F4: =IF(COUNTIFS('Raw Data'!$C$2:$C$60,A4,'Raw Data'!$D$2:$D$60,"<>")=0,"N/A",_xlfn.MINIFS('Raw Data'!$D$2:$D$60,'Raw Data'!$C$2:$C$60,A4)) -> 1650000 | G4: {=IF(COUNTIFS('Raw Data'!$C$2:$C$60,A4,'Raw Data'!$D$2:$D$60,"<>")=0,"N/A",MEDIAN(IF('Raw Data'!$C$2:$C$60=A4,'Raw Data'!$D$2:$D$60)))} -> 1650000 | H4: =IF(COUNTIFS('Raw Data'!$C$2:$C$60,A4,'Raw Data'!$D$2:$D$60,"<>")=0,"N/A",_xlfn.MAXIFS('Raw Data'!$D$2:$D$60,'Raw Data'!$C$2:$C$60,A4)) -> 1650000 | I4: =IF(COUNTIFS('Raw Data'!$C$2:$C$60,A4,'Raw Data'!$E$2:$E$60,"<>")=0,"N/A",_xlfn.MINIFS('Raw Data'!$E$2:$E$60,'Raw Data'!$C$2:$C$60,A4)) -> 1650000 | J4: {=IF(COUNTIFS('Raw Data'!$C$2:$C$60,A4,'Raw Data'!$E$2:$E$60,"<>")=0,"N/A",MEDIAN(IF('Raw Data'!$C$2:$C$60=A4,'Raw Data'!$E$2:$E$60)))} -> 1650000 | K4: =IF(COUNTIFS('Raw Data'!$C$2:$C$60,A4,'Raw Data'!$E$2:$E$60,"<>")=0,"N/A",_xlfn.MAXIFS('Raw Data'!$E$2:$E$60,'Raw Data'!$C$2:$C$60,A4)) -> 1650000
A5: Baya system | B5: =COUNTIF('Raw Data'!$C$2:$C$60,A5) -> 2 | C5: 3.2 | D5: Software Engineer | E5: Bangalore | F5: =IF(COUNTIFS('Raw Data'!$C$2:$C$60,A5,'Raw Data'!$D$2:$D$60,"<>")=0,"N/A",_xlfn.MINIFS('Raw Data'!$D$2:$D$60,'Raw Data'!$C$2:$C$60,A5)) -> 2168100 | G5: {=IF(COUNTIFS('Raw Data'!$C$2:$C$60,A5,'Raw Data'!$D$2:$D$60,"<>")=0,"N/A",MEDIAN(IF('Raw Data'!$C$2:$C$60=A5,'Raw Data'!$D$2:$D$60)))} -> 2168100 | H5: =IF(COUNTIFS('Raw Data'!$C$2:$C$60,A5,'Raw Data'!$D$2:$D$60,"<>")=0,"N/A",_xlfn.MAXIFS('Raw Data'!$D$2:$D$60,'Raw Data'!$C$2:$C$60,A5)) -> 2168100 | I5: =IF(COUNTIFS('Raw Data'!$C$2:$C$60,A5,'Raw Data'!$E$2:$E$60,"<>")=0,"N/A",_xlfn.MINIFS('Raw Data'!$E$2:$E$60,'Raw Data'!$C$2:$C$60,A5)) -> 2768100 | J5: {=IF(COUNTIFS('Raw Data'!$C$2:$C$60,A5,'Raw Data'!$E$2:$E$60,"<>")=0,"N/A",MEDIAN(IF('Raw Data'!$C$2:$C$60=A5,'Raw Data'!$E$2:$E$60)))} -> 2768100 | K5: =IF(COUNTIFS('Raw Data'!$C$2:$C$60,A5,'Raw Data'!$E$2:$E$60,"<>")=0,"N/A",_xlfn.MAXIFS('Raw Data'!$E$2:$E$60,'Raw Data'!$C$2:$C$60,A5)) -> 2768100
A6: Bitgo | B6: =COUNTIF('Raw Data'!$C$2:$C$60,A6) -> 1 | C6: 8 | D6: Software Engineer | E6: Bangalore | F6: =IF(COUNTIFS('Raw Data'!$C$2:$C$60,A6,'Raw Data'!$D$2:$D$60,"<>")=0,"N/A",_xlfn.MINIFS('Raw Data'!$D$2:$D$60,'Raw Data'!$C$2:$C$60,A6)) -> 2300000 | G6: {=IF(COUNTIFS('Raw Data'!$C$2:$C$60,A6,'Raw Data'!$D$2:$D$60,"<>")=0,"N/A",MEDIAN(IF('Raw Data'!$C$2:$C$60=A6,'Raw Data'!$D$2:$D$60)))} -> 2300000 | H6: =IF(COUNTIFS('Raw Data'!$C$2:$C$60,A6,'Raw Data'!$D$2:$D$60,"<>")=0,"N/A",_xlfn.MAXIFS('Raw Data'!$D$2:$D$60,'Raw Data'!$C$2:$C$60,A6)) -> 2300000 | I6: =IF(COUNTIFS('Raw Data'!$C$2:$C$60,A6,'Raw Data'!$E$2:$E$60,"<>")=0,"N/A",_xlfn.MINIFS('Raw Data'!$E$2:$E$60,'Raw Data'!$C$2:$C$60,A6)) -> 3600000 | J6: {=IF(COUNTIFS('Raw Data'!$C$2:$C$60,A6,'Raw Data'!$E$2:$E$60,"<>")=0,"N/A",MEDIAN(IF('Raw Data'!$C$2:$C$60=A6,'Raw Data'!$E$2:$E$60)))} -> 3600000 | K6: =IF(COUNTIFS('Raw Data'!$C$2:$C$60,A6,'Raw Data'!$E$2:$E$60,"<>")=0,"N/A",_xlfn.MAXIFS('Raw Data'!$E$2:$E$60,'Raw Data'!$C$2:$C$60,A6)) -> 3600000
A7: CDot | B7: =COUNTIF('Raw Data'!$C$2:$C$60,A7) -> 1 | C7: 1.2 | D7: Scientist 'B' | E7: Delhi/Bangalore | F7: =IF(COUNTIFS('Raw Data'!$C$2:$C$60,A7,'Raw Data'!$D$2:$D$60,"<>")=0,"N/A",_xlfn.MINIFS('Raw Data'!$D$2:$D$60,'Raw Data'!$C$2:$C$60,A7)) -> 2235110 | G7: {=IF(COUNTIFS('Raw Data'!$C$2:$C$60,A7,'Raw Data'!$D$2:$D$60,"<>")=0,"N/A",MEDIAN(IF('Raw Data'!$C$2:$C$60=A7,'Raw Data'!$D$2:$D$60)))} -> 2235110 | H7: =IF(COUNTIFS('Raw Data'!$C$2:$C$60,A7,'Raw Data'!$D$2:$D$60,"<>")=0,"N/A",_xlfn.MAXIFS('Raw Data'!$D$2:$D$60,'Raw Data'!$C$2:$C$60,A7)) -> 2235110 | I7: =IF(COUNTIFS('Raw Data'!$C$2:$C$60,A7,'Raw Data'!$E$2:$E$60,"<>")=0,"N/A",_xlfn.MINIFS('Raw Data'!$E$2:$E$60,'Raw Data'!$C$2:$C$60,A7)) -> 2235110 | J7: {=IF(COUNTIFS('Raw Data'!$C$2:$C$60,A7,'Raw Data'!$E$2:$E$60,"<>")=0,"N/A",MEDIAN(IF('Raw Data'!$C$2:$C$60=A7,'Raw Data'!$E$2:$E$60)))} -> 2235110 | K7: =IF(COUNTIFS('Raw Data'!$C$2:$C$60,A7,'Raw Data'!$E$2:$E$60,"<>")=0,"N/A",_xlfn.MAXIFS('Raw Data'!$E$2:$E$60,'Raw Data'!$C$2:$C$60,A7)) -> 2235110
A8: Coupa | B8: =COUNTIF('Raw Data'!$C$2:$C$60,A8) -> 1 | C8: 4.2 | D8: Associate Data Scientist | E8: Pune or Banaglore | F8: =IF(COUNTIFS('Raw Data'!$C$2:$C$60,A8,'Raw Data'!$D$2:$D$60,"<>")=0,"N/A",_xlfn.MINIFS('Raw Data'!$D$2:$D$60,'Raw Data'!$C$2:$C$60,A8)) -> 1800000 | G8: {=IF(COUNTIFS('Raw Data'!$C$2:$C$60,A8,'Raw Data'!$D$2:$D$60,"<>")=0,"N/A",MEDIAN(IF('Raw Data'!$C$2:$C$60=A8,'Raw Data'!$D$2:$D$60)))} -> 1800000 | H8: =IF(COUNTIFS('Raw Data'!$C$2:$C$60,A8,'Raw Data'!$D$2:$D$60,"<>")=0,"N/A",_xlfn.MAXIFS('Raw Data'!$D$2:$D$60,'Raw Data'!$C$2:$C$60,A8)) -> 1800000 | I8: =IF(COUNTIFS('Raw Data'!$C$2:$C$60,A8,'Raw Data'!$E$2:$E$60,"<>")=0,"N/A",_xlfn.MINIFS('Raw Data'!$E$2:$E$60,'Raw Data'!$C$2:$C$60,A8)) -> 1980000 | J8: {=IF(COUNTIFS('Raw Data'!$C$2:$C$60,A8,'Raw Data'!$E$2:$E$60,"<>")=0,"N/A",MEDIAN(IF('Raw Data'!$C$2:$C$60=A8,'Raw Data'!$E$2:$E$60)))} -> 1980000 | K8: =IF(COUNTIFS('Raw Data'!$C$2:$C$60,A8,'Raw Data'!$E$2:$E$60,"<>")=0,"N/A",_xlfn.MAXIFS('Raw Data'!$E$2:$E$60,'Raw Data'!$C$2:$C$60,A8)) -> 1980000
A9: Earnin | B9: =COUNTIF('Raw Data'!$C$2:$C$60,A9) -> 1 | C9: 3.2 | D9: Software Engineer | E9: Bangalore | F9: =IF(COUNTIFS('Raw Data'!$C$2:$C$60,A9,'Raw Data'!$D$2:$D$60,"<>")=0,"N/A",_xlfn.MINIFS('Raw Data'!$D$2:$D$60,'Raw Data'!$C$2:$C$60,A9)) -> 2500000 | G9: {=IF(COUNTIFS('Raw Data'!$C$2:$C$60,A9,'Raw Data'!$D$2:$D$60,"<>")=0,"N/A",MEDIAN(IF('Raw Data'!$C$2:$C$60=A9,'Raw Data'!$D$2:$D$60)))} -> 2500000 | H9: =IF(COUNTIFS('Raw Data'!$C$2:$C$60,A9,'Raw Data'!$D$2:$D$60,"<>")=0,"N/A",_xlfn.MAXIFS('Raw Data'!$D$2:$D$60,'Raw Data'!$C$2:$C$60,A9)) -> 2500000 | I9: =IF(COUNTIFS('Raw Data'!$C$2:$C$60,A9,'Raw Data'!$E$2:$E$60,"<>")=0,"N/A",_xlfn.MINIFS('Raw Data'!$E$2:$E$60,'Raw Data'!$C$2:$C$60,A9)) -> 3600000 | J9: {=IF(COUNTIFS('Raw Data'!$C$2:$C$60,A9,'Raw Data'!$E$2:$E$60,"<>")=0,"N/A",MEDIAN(IF('Raw Data'!$C$2:$C$60=A9,'Raw Data'!$E$2:$E$60)))} -> 3600000 | K9: =IF(COUNTIFS('Raw Data'!$C$2:$C$60,A9,'Raw Data'!$E$2:$E$60,"<>")=0,"N/A",_xlfn.MAXIFS('Raw Data'!$E$2:$E$60,'Raw Data'!$C$2:$C$60,A9)) -> 3600000
A10: Easebuzz Private Limited | B10: =COUNTIF('Raw Data'!$C$2:$C$60,A10) -> 2 | C10: 15 | D10: Backend Engineer | E10: Pune | F10: =IF(COUNTIFS('Raw Data'!$C$2:$C$60,A10,'Raw Data'!$D$2:$D$60,"<>")=0,"N/A",_xlfn.MINIFS('Raw Data'!$D$2:$D$60,'Raw Data'!$C$2:$C$60,A10)) -> 1976604 | G10: {=IF(COUNTIFS('Raw Data'!$C$2:$C$60,A10,'Raw Data'!$D$2:$D$60,"<>")=0,"N/A",MEDIAN(IF('Raw Data'!$C$2:$C$60=A10,'Raw Data'!$D$2:$D$60)))} -> 1976604 | H10: =IF(COUNTIFS('Raw Data'!$C$2:$C$60,A10,'Raw Data'!$D$2:$D$60,"<>")=0,"N/A",_xlfn.MAXIFS('Raw Data'!$D$2:$D$60,'Raw Data'!$C$2:$C$60,A10)) -> 1976604 | I10: =IF(COUNTIFS('Raw Data'!$C$2:$C$60,A10,'Raw Data'!$E$2:$E$60,"<>")=0,"N/A",_xlfn.MINIFS('Raw Data'!$E$2:$E$60,'Raw Data'!$C$2:$C$60,A10)) -> 2000004 | J10: {=IF(COUNTIFS('Raw Data'!$C$2:$C$60,A10,'Raw Data'!$E$2:$E$60,"<>")=0,"N/A",MEDIAN(IF('Raw Data'!$C$2:$C$60=A10,'Raw Data'!$E$2:$E$60)))} -> 2000004 | K10: =IF(COUNTIFS('Raw Data'!$C$2:$C$60,A10,'Raw Data'!$E$2:$E$60,"<>")=0,"N/A",_xlfn.MAXIFS('Raw Data'!$E$2:$E$60,'Raw Data'!$C$2:$C$60,A10)) -> 2000004
A11: Fujitsu | B11: =COUNTIF('Raw Data'!$C$2:$C$60,A11) -> 1 | C11: 2.2 | D11: Senior Software Engineer(M.Tech)-Monaka HPC Lab | E11: Bangalore | F11: =IF(COUNTIFS('Raw Data'!$C$2:$C$60,A11,'Raw Data'!$D$2:$D$60,"<>")=0,"N/A",_xlfn.MINIFS('Raw Data'!$D$2:$D$60,'Raw Data'!$C$2:$C$60,A11)) -> 2400000 | G11: {=IF(COUNTIFS('Raw Data'!$C$2:$C$60,A11,'Raw Data'!$D$2:$D$60,"<>")=0,"N/A",MEDIAN(IF('Raw Data'!$C$2:$C$60=A11,'Raw Data'!$D$2:$D$60)))} -> 2400000 | H11: =IF(COUNTIFS('Raw Data'!$C$2:$C$60,A11,'Raw Data'!$D$2:$D$60,"<>")=0,"N/A",_xlfn.MAXIFS('Raw Data'!$D$2:$D$60,'Raw Data'!$C$2:$C$60,A11)) -> 2400000 | I11: =IF(COUNTIFS('Raw Data'!$C$2:$C$60,A11,'Raw Data'!$E$2:$E$60,"<>")=0,"N/A",_xlfn.MINIFS('Raw Data'!$E$2:$E$60,'Raw Data'!$C$2:$C$60,A11)) -> 2700000 | J11: {=IF(COUNTIFS('Raw Data'!$C$2:$C$60,A11,'Raw Data'!$E$2:$E$60,"<>")=0,"N/A",MEDIAN(IF('Raw Data'!$C$2:$C$60=A11,'Raw Data'!$E$2:$E$60)))} -> 2700000 | K11: =IF(COUNTIFS('Raw Data'!$C$2:$C$60,A11,'Raw Data'!$E$2:$E$60,"<>")=0,"N/A",_xlfn.MAXIFS('Raw Data'!$E$2:$E$60,'Raw Data'!$C$2:$C$60,A11)) -> 2700000
A12: Jupiter Money | B12: =COUNTIF('Raw Data'!$C$2:$C$60,A12) -> 1 | C12: 4.2 | D12: SDE 1 | E12: Bangalore | F12: =IF(COUNTIFS('Raw Data'!$C$2:$C$60,A12,'Raw Data'!$D$2:$D$60,"<>")=0,"N/A",_xlfn.MINIFS('Raw Data'!$D$2:$D$60,'Raw Data'!$C$2:$C$60,A12)) -> 2000000 | G12: {=IF(COUNTIFS('Raw Data'!$C$2:$C$60,A12,'Raw Data'!$D$2:$D$60,"<>")=0,"N/A",MEDIAN(IF('Raw Data'!$C$2:$C$60=A12,'Raw Data'!$D$2:$D$60)))} -> 2000000 | H12: =IF(COUNTIFS('Raw Data'!$C$2:$C$60,A12,'Raw Data'!$D$2:$D$60,"<>")=0,"N/A",_xlfn.MAXIFS('Raw Data'!$D$2:$D$60,'Raw Data'!$C$2:$C$60,A12)) -> 2000000 | I12: =IF(COUNTIFS('Raw Data'!$C$2:$C$60,A12,'Raw Data'!$E$2:$E$60,"<>")=0,"N/A",_xlfn.MINIFS('Raw Data'!$E$2:$E$60,'Raw Data'!$C$2:$C$60,A12)) -> 2600000 | J12: {=IF(COUNTIFS('Raw Data'!$C$2:$C$60,A12,'Raw Data'!$E$2:$E$60,"<>")=0,"N/A",MEDIAN(IF('Raw Data'!$C$2:$C$60=A12,'Raw Data'!$E$2:$E$60)))} -> 2600000 | K12: =IF(COUNTIFS('Raw Data'!$C$2:$C$60,A12,'Raw Data'!$E$2:$E$60,"<>")=0,"N/A",_xlfn.MAXIFS('Raw Data'!$E$2:$E$60,'Raw Data'!$C$2:$C$60,A12)) -> 2600000
A13: Juspay | B13: =COUNTIF('Raw Data'!$C$2:$C$60,A13) -> 1 | C13: 4.1 | D13: Software Development Engineer | E13: Bangalore / Mumbai / Gurgaon | F13: =IF(COUNTIFS('Raw Data'!$C$2:$C$60,A13,'Raw Data'!$D$2:$D$60,"<>")=0,"N/A",_xlfn.MINIFS('Raw Data'!$D$2:$D$60,'Raw Data'!$C$2:$C$60,A13)) -> 1600000 | G13: {=IF(COUNTIFS('Raw Data'!$C$2:$C$60,A13,'Raw Data'!$D$2:$D$60,"<>")=0,"N/A",MEDIAN(IF('Raw Data'!$C$2:$C$60=A13,'Raw Data'!$D$2:$D$60)))} -> 1600000 | H13: =IF(COUNTIFS('Raw Data'!$C$2:$C$60,A13,'Raw Data'!$D$2:$D$60,"<>")=0,"N/A",_xlfn.MAXIFS('Raw Data'!$D$2:$D$60,'Raw Data'!$C$2:$C$60,A13)) -> 1600000 | I13: =IF(COUNTIFS('Raw Data'!$C$2:$C$60,A13,'Raw Data'!$E$2:$E$60,"<>")=0,"N/A",_xlfn.MINIFS('Raw Data'!$E$2:$E$60,'Raw Data'!$C$2:$C$60,A13)) -> 2100000 | J13: {=IF(COUNTIFS('Raw Data'!$C$2:$C$60,A13,'Raw Data'!$E$2:$E$60,"<>")=0,"N/A",MEDIAN(IF('Raw Data'!$C$2:$C$60=A13,'Raw Data'!$E$2:$E$60)))} -> 2100000 | K13: =IF(COUNTIFS('Raw Data'!$C$2:$C$60,A13,'Raw Data'!$E$2:$E$60,"<>")=0,"N/A",_xlfn.MAXIFS('Raw Data'!$E$2:$E$60,'Raw Data'!$C$2:$C$60,A13)) -> 2100000
... A32: Wipro Limited | B32: =COUNTIF('Raw Data'!$C$2:$C$60,A32) -> 1 | C32: Phase 2 | D32: AI Scientist/Project Engineer | E32: Bangalore | F32: =IF(COUNTIFS('Raw Data'!$C$2:$C$60,A32,'Raw Data'!$D$2:$D$60,"<>")=0,"N/A",_xlfn.MINIFS('Raw Data'!$D$2:$D$60,'Raw Data'!$C$2:$C$60,A32)) -> 1711520 | G32: {=IF(COUNTIFS('Raw Data'!$C$2:$C$60,A32,'Raw Data'!$D$2:$D$60,"<>")=0,"N/A",MEDIAN(IF('Raw Data'!$C$2:$C$60=A32,'Raw Data'!$D$2:$D$60)))} -> 1711520 | H32: =IF(COUNTIFS('Raw Data'!$C$2:$C$60,A32,'Raw Data'!$D$2:$D$60,"<>")=0,"N/A",_xlfn.MAXIFS('Raw Data'!$D$2:$D$60,'Raw Data'!$C$2:$C$60,A32)) -> 1711520 | I32: =IF(COUNTIFS('Raw Data'!$C$2:$C$60,A32,'Raw Data'!$E$2:$E$60,"<>")=0,"N/A",_xlfn.MINIFS('Raw Data'!$E$2:$E$60,'Raw Data'!$C$2:$C$60,A32)) -> 2000000 | J32: {=IF(COUNTIFS('Raw Data'!$C$2:$C$60,A32,'Raw Data'!$E$2:$E$60,"<>")=0,"N/A",MEDIAN(IF('Raw Data'!$C$2:$C$60=A32,'Raw Data'!$E$2:$E$60)))} -> 2000000 | K32: =IF(COUNTIFS('Raw Data'!$C$2:$C$60,A32,'Raw Data'!$E$2:$E$60,"<>")=0,"N/A",_xlfn.MAXIFS('Raw Data'!$E$2:$E$60,'Raw Data'!$C$2:$C$60,A32)) -> 2000000
A34: TOTAL | B34: =SUM(B2:B32) -> 59
A36: Note: 'Day' values follow the source data's Day.Slot notation (e.g. 3.1 = Day 3, Slot 1). Company visiting on multiple days is listed as multiple values.
